res,imf,time,sol_frac,liq_frac,hydrous_frac,primitive_frac,n2co2_frac,cocl_frac,h2o_frac,perco_frac,melt1_frac,melt2_frac,Tmax,Tmean,m_plts_tot
resI,powerlaw,0.186791,1.0,0.0,0.0,1.0,1.0,1.0,1.0,0.0,0.0,0.0,150.0,150.0,0.001122
resI,powerlaw,0.191164,1.0,0.0,0.02104,0.97896,1.0,1.0,1.0,0.0,0.0,0.0,153.922404,153.685291,0.005209
resI,powerlaw,0.19564,1.0,0.0,0.037677,0.962323,1.0,1.0,1.0,0.0,0.0,0.0,159.315839,158.63999,0.012469
resI,powerlaw,0.20022,1.0,0.0,0.03331,0.96669,1.0,1.0,1.0,0.0,0.0,0.0,164.86336,163.635529,0.023051
resI,powerlaw,0.204908,1.0,0.0,0.020726,0.979274,1.0,1.0,1.0,0.0,0.0,0.0,170.383359,169.176124,0.03706
resI,powerlaw,0.209705,1.0,0.0,0.014069,0.985931,1.0,1.0,1.0,0.0,0.0,0.0,176.235994,174.845788,0.054645
resI,powerlaw,0.214614,1.0,0.0,0.010127,0.989873,1.0,1.0,1.0,0.0,0.0,0.0,182.349676,180.675746,0.07592
resI,powerlaw,0.219639,1.0,0.0,0.00762,0.99238,1.0,1.0,1.0,0.0,0.0,0.0,188.773319,186.735738,0.100739
resI,powerlaw,0.224781,1.0,0.0,0.007735,0.992265,1.0,1.0,1.0,0.0,0.0,0.0,195.42696,192.95111,0.129228
resI,powerlaw,0.230043,1.0,0.0,0.02211,0.97789,1.0,1.0,1.0,0.0,0.0,0.0,202.275484,199.314689,0.161528
resI,powerlaw,0.235429,1.0,0.0,0.098297,0.901703,1.0,1.0,1.0,0.0,0.0,0.0,209.249752,205.752255,0.197911
resI,powerlaw,0.24094,1.0,0.0,0.181885,0.818115,1.0,1.0,1.0,0.0,0.0,0.0,216.547861,212.466688,0.237853
resI,powerlaw,0.246581,1.0,0.0,0.255037,0.744963,1.0,1.0,1.0,0.0,0.0,0.0,223.957046,219.246803,0.282053
resI,powerlaw,0.252354,1.0,0.0,0.314731,0.685269,1.0,1.0,1.0,0.0,0.0,0.0,231.771029,226.373399,0.329485
resI,powerlaw,0.258262,1.0,0.0,0.366706,0.633294,1.0,1.0,1.0,0.0,0.0,0.0,239.75883,233.624685,0.380867
resI,powerlaw,0.264308,1.0,0.0,0.402186,0.597814,1.0,1.0,1.0,0.0,0.0,0.0,247.991976,241.067235,0.435883
resI,powerlaw,0.270496,1.0,0.0,0.421085,0.578915,1.0,1.0,1.0,0.0,0.0,0.0,256.481498,248.705997,0.494408
resI,powerlaw,0.276829,1.0,0.0,0.43652,0.56348,1.0,1.0,1.0,0.0,0.0,0.0,265.174818,256.500219,0.556558
resI,powerlaw,0.28331,1.0,0.0,0.424682,0.575318,1.0,1.0,1.0,0.0,0.0,0.0,274.362707,264.688557,0.620767
resI,powerlaw,0.289942,1.0,0.0,0.417181,0.582819,1.0,1.0,1.0,0.0,0.0,0.0,283.6697,272.938458,0.688238
resI,powerlaw,0.29673,1.0,0.0,0.389307,0.610693,1.0,1.0,1.0,0.0,0.0,0.0,293.662738,281.769362,0.755623
resI,powerlaw,0.303677,1.0,0.0,0.358749,0.641251,1.0,1.0,1.0,0.0,0.0,0.0,303.446247,290.760222,0.825917
resI,powerlaw,0.310787,1.0,0.0,0.331478,0.668522,1.0,1.0,1.0,0.0,0.0,0.0,314.166346,300.942265,0.89526
resI,powerlaw,0.318063,1.0,0.0,0.308146,0.691854,1.0,1.0,1.0,0.0,0.0,0.0,325.544439,311.495198,0.963864
resI,powerlaw,0.32551,1.0,0.0,0.289402,0.710598,1.0,1.0,1.0,0.0,0.0,0.0,338.108827,323.055783,1.027568
resI,powerlaw,0.333131,1.0,0.0,0.322256,0.677744,1.0,1.0,1.0,0.0,0.0,0.0,351.526396,335.268292,1.089457
resI,powerlaw,0.340929,1.0,0.0,0.580564,0.419436,1.0,1.0,1.0,0.0,0.0,0.0,366.925739,349.247275,1.142478
resI,powerlaw,0.348911,1.0,0.0,0.69099,0.30901,0.999985,1.0,1.0,0.0,0.0,0.0,383.69553,364.458845,1.189394
resI,powerlaw,0.357077,1.0,0.0,0.75371,0.24629,0.999869,1.0,1.0,0.0,0.0,0.0,404.758683,383.545037,1.215677
resI,powerlaw,0.36544,1.0,0.0,0.796933,0.203067,0.999648,1.0,1.0,0.0,0.0,0.0,430.219896,406.540318,1.222764
resI,powerlaw,0.373992,1.0,0.0,0.825041,0.174959,0.999511,1.0,1.0,0.0,0.0,0.0,457.691283,431.279535,1.222764
resI,powerlaw,0.382751,1.0,0.0,0.830202,0.16979,0.999441,1.0,0.999992,7e-06,0.0,0.0,485.315303,456.113607,1.222764
resI,powerlaw,0.391709,1.0,0.0,0.831224,0.168719,0.999436,1.0,0.999942,5.4e-05,0.0,0.0,513.320546,481.205161,1.222764
resI,powerlaw,0.40088,1.0,0.0,0.832081,0.167792,0.999431,1.0,0.999873,7.3e-05,0.0,0.0,541.729569,506.592002,1.222764
resI,powerlaw,0.410266,1.0,0.0,0.832371,0.167315,0.999428,1.0,0.999686,0.000104,0.0,0.0,570.283093,532.214848,1.222764
resI,powerlaw,0.41987,1.0,0.0,0.833442,0.166116,0.999425,1.0,0.999559,0.000158,0.0,0.0,599.029886,557.951047,1.222764
resI,powerlaw,0.4297,1.0,0.0,0.843896,0.155584,0.999424,1.0,0.999479,0.000325,0.0,0.0,627.96331,583.741813,1.222764
resI,powerlaw,0.439761,1.0,0.0,0.886117,0.113329,0.999421,1.0,0.999446,0.000509,0.0,0.0,657.223534,609.764035,1.222764
resI,powerlaw,0.450056,1.0,0.0,0.923145,0.076298,0.999294,1.0,0.999442,0.000542,5.5e-05,0.0,686.651899,635.893351,1.222764
resI,powerlaw,0.460593,0.999996,4e-06,0.926004,0.073435,0.998342,1.0,0.999439,0.000548,9.3e-05,0.0,716.241028,662.144026,1.222764
resI,powerlaw,0.471376,0.999943,5.7e-05,0.92672,0.072715,0.984193,1.0,0.999435,0.000556,0.000162,0.0,746.167519,688.591458,1.222764
resI,powerlaw,0.48241,0.999801,0.000199,0.927329,0.072104,0.919183,1.0,0.999433,0.000559,0.000271,0.0,776.058431,714.932076,1.222764
resI,powerlaw,0.493704,0.999623,0.000377,0.927741,0.07169,0.831339,1.0,0.999431,0.000562,0.000415,0.0,806.205317,741.547985,1.222764
resI,powerlaw,0.505263,0.999471,0.000529,0.927981,0.071372,0.801746,0.999927,0.999353,0.000566,0.000529,0.0,836.580015,768.290076,1.222764
resI,powerlaw,0.517093,0.999463,0.000537,0.926096,0.071051,0.787812,0.999809,0.997148,0.000567,0.000538,0.0,867.104917,795.112966,1.222764
resI,powerlaw,0.529197,0.999454,0.000546,0.915412,0.070784,0.7828,0.999542,0.986196,0.000569,0.000546,0.0,897.964879,822.122204,1.222764
resI,powerlaw,0.541587,0.999449,0.000551,0.879475,0.070534,0.780935,0.999469,0.950009,0.001196,0.000551,0.0,929.016294,849.287925,1.222764
resI,powerlaw,0.554266,0.999447,0.000553,0.793038,0.07028,0.779791,0.999464,0.863318,0.013597,0.000553,0.0,960.141639,876.493778,1.222764
resI,powerlaw,0.567242,0.999444,0.000556,0.731433,0.070088,0.778602,0.999457,0.801522,0.067461,0.000556,0.0,991.510436,903.821625,1.222764
resI,powerlaw,0.580523,0.999442,0.000558,0.718828,0.069905,0.77768,0.999452,0.788733,0.163463,0.000558,0.0,1023.075455,931.22571,1.222764
resI,powerlaw,0.594114,0.99944,0.00056,0.716076,0.069705,0.773184,0.99945,0.785782,0.198196,0.00056,0.0,1054.568953,958.643939,1.222764
resI,powerlaw,0.608022,0.999438,0.000562,0.714567,0.069519,0.751847,0.999447,0.784086,0.210035,0.000562,0.0,1086.380213,986.205205,1.222764
resI,powerlaw,0.622256,0.994183,0.005817,0.713026,0.069332,0.630957,0.999442,0.782358,0.214115,0.00582,0.000157,1118.444664,1013.902219,1.222764
resI,powerlaw,0.636826,0.915931,0.084069,0.712371,0.069147,0.385883,0.999436,0.781518,0.215433,0.084152,0.000279,1149.148805,1040.468128,1.222764
resI,powerlaw,0.651735,0.818927,0.181073,0.706043,0.068993,0.286114,0.999429,0.775036,0.216847,0.181142,0.000498,1178.774216,1066.235189,1.222764
resI,powerlaw,0.666993,0.794044,0.205956,0.667719,0.068812,0.253246,0.980359,0.736531,0.217875,0.206014,0.000538,1208.76593,1092.263648,1.222764
resI,powerlaw,0.682606,0.791643,0.208357,0.542435,0.06867,0.24433,0.89212,0.611105,0.218586,0.208402,0.000545,1239.024372,1118.39119,1.222764
resI,powerlaw,0.698589,0.788936,0.211064,0.330588,0.068533,0.240675,0.821282,0.399121,0.237111,0.211093,0.000549,1267.62304,1143.062347,1.222764
resI,powerlaw,0.714943,0.787678,0.212322,0.227392,0.068366,0.237557,0.795024,0.295759,0.403918,0.212346,0.000554,1297.538106,1168.772502,1.222764
resI,powerlaw,0.731681,0.78657,0.21343,0.199624,0.068235,0.234783,0.791677,0.267858,0.64624,0.213453,0.000557,1328.026812,1194.896527,1.222764
resI,powerlaw,0.748812,0.783865,0.216135,0.190339,0.068105,0.214454,0.78972,0.258444,0.726255,0.21616,0.00056,1357.701133,1220.292796,1.222764
resI,powerlaw,0.766342,0.736847,0.263153,0.186351,0.067979,0.165283,0.787956,0.254329,0.733484,0.263231,0.00056,1386.477645,1244.772031,1.222764
resI,powerlaw,0.784283,0.610701,0.389299,0.182057,0.067834,0.152077,0.78736,0.249891,0.740251,0.389534,0.002231,1416.945047,1270.614577,1.222764
resI,powerlaw,0.802643,0.380796,0.619204,0.179183,0.067304,0.145905,0.785623,0.246487,0.744895,0.619774,0.050331,1443.180234,1293.444948,1.222764
resI,powerlaw,0.821434,0.295065,0.704935,0.174257,0.065709,0.142199,0.725379,0.239967,0.75003,0.705813,0.184911,1463.625037,1313.207163,1.222764
resI,powerlaw,0.840666,0.276304,0.723696,0.144724,0.06313,0.13824,0.51673,0.207854,0.757543,0.724951,0.204061,1481.338662,1332.264378,1.222764
resI,powerlaw,0.860347,0.267757,0.732243,0.102488,0.060228,0.134354,0.316091,0.162717,0.793159,0.73388,0.207691,1498.348969,1350.005786,1.222764
resI,powerlaw,0.880488,0.261827,0.738173,0.091821,0.058583,0.131678,0.278456,0.150404,0.837882,0.740238,0.210314,1514.815304,1365.609294,1.222764
resI,powerlaw,0.901101,0.257391,0.742609,0.089688,0.057757,0.129917,0.269517,0.147445,0.844034,0.745002,0.211864,1532.191423,1381.14232,1.222764
resI,powerlaw,0.922199,0.254615,0.745385,0.087615,0.057013,0.128379,0.264258,0.144628,0.848424,0.748224,0.213328,1548.975821,1395.834334,1.222764
resI,powerlaw,0.943789,0.25078,0.74922,0.086296,0.056602,0.127322,0.259808,0.142898,0.850723,0.752237,0.214145,1565.824263,1410.310558,1.222764
resI,powerlaw,0.965885,0.195302,0.804698,0.084937,0.05623,0.126285,0.256277,0.141167,0.852925,0.808093,0.215364,1581.97789,1424.155963,1.222764
resI,powerlaw,0.988497,0.172593,0.827407,0.084054,0.055483,0.125171,0.252355,0.139537,0.854874,0.831143,0.263394,1598.175997,1438.073516,1.222764
resI,powerlaw,1.011639,0.161954,0.838046,0.081689,0.051743,0.120216,0.216988,0.133432,0.86153,0.842886,0.666008,1610.341923,1452.64478,1.222764
resI,powerlaw,1.035323,0.153107,0.846893,0.081175,0.044381,0.113387,0.160538,0.125556,0.869929,0.854083,0.708474,1613.189203,1465.243749,1.222764
resI,powerlaw,1.059561,0.145453,0.854547,0.080599,0.037941,0.107258,0.145778,0.11854,0.877352,0.862883,0.718585,1615.028445,1473.815702,1.222764
resI,powerlaw,1.084366,0.141079,0.858921,0.080058,0.034021,0.103369,0.138877,0.114079,0.882052,0.868678,0.72597,1617.3884,1479.291834,1.222764
resI,powerlaw,1.109752,0.138521,0.861479,0.079535,0.031578,0.100765,0.134138,0.111113,0.885194,0.872714,0.731484,1619.297222,1482.737329,1.222764
resI,powerlaw,1.135733,0.136845,0.863155,0.079137,0.029902,0.098927,0.131009,0.109039,0.887401,0.875412,0.735243,1621.482509,1485.509023,1.222764
resI,powerlaw,1.162322,0.135827,0.864173,0.078513,0.028897,0.097504,0.128666,0.10741,0.889096,0.877451,0.738264,1623.471719,1487.719027,1.222764
resI,powerlaw,1.189533,0.135352,0.864648,0.078234,0.027872,0.096287,0.126767,0.106105,0.890437,0.879071,0.744753,1625.255411,1489.423648,1.222764
resI,powerlaw,1.217383,0.134209,0.865791,0.077621,0.026684,0.094674,0.124174,0.104306,0.892318,0.881353,0.808246,1627.282396,1491.412662,1.222764
resI,powerlaw,1.245884,0.132609,0.867391,0.077307,0.024739,0.092639,0.121007,0.102046,0.894685,0.884206,0.82225,1627.154611,1492.973398,1.222764
resI,powerlaw,1.275053,0.13144,0.86856,0.077238,0.022865,0.090874,0.118664,0.100104,0.896716,0.886477,0.826341,1627.035123,1493.870455,1.222764
resI,powerlaw,1.304903,0.131234,0.868766,0.077268,0.02144,0.089502,0.116913,0.098708,0.898154,0.888087,0.829391,1626.853606,1494.088515,1.222764
resI,powerlaw,1.33545,0.131406,0.868594,0.077152,0.0203,0.088255,0.115555,0.097452,0.899428,0.889388,0.832286,1626.692971,1493.861698,1.222764
resI,powerlaw,1.366717,0.131434,0.868566,0.077033,0.019479,0.087323,0.114481,0.096513,0.900371,0.890394,0.834795,1626.505877,1493.546975,1.222764
resI,powerlaw,1.398712,0.131712,0.868288,0.076928,0.018728,0.086495,0.113563,0.095656,0.90124,0.891278,0.836824,1626.376743,1493.096254,1.222764
resI,powerlaw,1.431459,0.131937,0.868063,0.076914,0.018115,0.085876,0.11287,0.095028,0.901873,0.891922,0.838634,1626.141234,1492.331582,1.222764
resI,powerlaw,1.464972,0.132817,0.867183,0.076783,0.017571,0.085173,0.112211,0.094354,0.902526,0.892571,0.840325,1625.99012,1491.651101,1.222764
resI,powerlaw,1.499268,0.132886,0.867114,0.076783,0.016945,0.084513,0.111532,0.093729,0.903139,0.893197,0.84209,1625.809685,1490.847138,1.222764
resI,powerlaw,1.534369,0.133615,0.866385,0.076682,0.016618,0.084062,0.11109,0.093301,0.903563,0.893598,0.843588,1625.673659,1490.202588,1.222764
resI,powerlaw,1.570291,0.134281,0.865719,0.076575,0.01619,0.083525,0.110532,0.092764,0.904107,0.894132,0.845055,1625.440094,1489.334991,1.222764
resI,powerlaw,1.607052,0.134943,0.865057,0.076461,0.015564,0.082781,0.1099,0.092025,0.904852,0.894811,0.846689,1625.181163,1488.500676,1.222764
resI,powerlaw,1.644675,0.136148,0.863852,0.076122,0.015362,0.082287,0.109545,0.091484,0.905382,0.895236,0.847986,1624.9395,1487.18315,1.222764
resI,powerlaw,1.683179,0.136644,0.863356,0.075711,0.015224,0.081767,0.109138,0.090935,0.90592,0.895674,0.849286,1624.748538,1486.107956,1.222764
resI,powerlaw,1.722587,0.137877,0.862123,0.075176,0.014933,0.080972,0.108559,0.090109,0.906708,0.896329,0.850834,1624.570467,1485.084866,1.222764
resI,powerlaw,1.762913,0.13821,0.86179,0.075,0.014662,0.080517,0.108275,0.089662,0.907165,0.896696,0.851818,1624.419002,1484.23365,1.222764
resI,powerlaw,1.804187,0.13955,0.86045,0.074852,0.014429,0.08011,0.108038,0.089281,0.907533,0.896987,0.85281,1624.041389,1482.98828,1.222764
resI,powerlaw,1.846424,0.141127,0.858873,0.074524,0.014134,0.079411,0.10761,0.088657,0.908119,0.897452,0.854138,1623.668365,1481.514494,1.222764
resI,powerlaw,1.889653,0.142124,0.857876,0.074207,0.01405,0.07898,0.107362,0.088257,0.908529,0.897784,0.855195,1623.395402,1480.180949,1.222764
resI,powerlaw,1.933892,0.143234,0.856766,0.074114,0.013982,0.078824,0.107285,0.088096,0.908677,0.897876,0.855838,1623.177709,1478.996004,1.222764
resI,powerlaw,1.979168,0.144078,0.855922,0.073824,0.013892,0.078454,0.107011,0.087717,0.909028,0.898167,0.856634,1622.933088,1477.422883,1.222764
resI,powerlaw,2.025503,0.144832,0.855168,0.073554,0.013733,0.077993,0.106562,0.087288,0.909437,0.898553,0.857632,1622.447051,1476.243392,1.222764
resI,powerlaw,2.072921,0.146334,0.853666,0.073462,0.013597,0.077742,0.10627,0.087059,0.909655,0.89876,0.858481,1622.037522,1474.686796,1.222764
resI,powerlaw,2.121451,0.147347,0.852653,0.073375,0.013508,0.077545,0.106181,0.086883,0.909827,0.898872,0.85904,1621.750454,1473.275359,1.222764
resI,powerlaw,2.171119,0.14894,0.85106,0.073089,0.013539,0.077381,0.106049,0.086628,0.910066,0.89906,0.859408,1621.531586,1471.428667,1.222764
resI,powerlaw,2.221947,0.150216,0.849784,0.072772,0.013655,0.077202,0.10598,0.086428,0.910267,0.899199,0.859777,1621.328621,1469.998916,1.222764
resI,powerlaw,2.273966,0.150941,0.849059,0.072662,0.013577,0.076998,0.10592,0.086239,0.91047,0.899327,0.860272,1620.934593,1468.56174,1.222764
resI,powerlaw,2.327202,0.152663,0.847337,0.072727,0.013451,0.076909,0.105944,0.086178,0.910533,0.899347,0.86066,1620.445826,1466.812301,1.222764
resI,powerlaw,2.381686,0.154361,0.845639,0.072563,0.013465,0.076731,0.105883,0.086028,0.910689,0.899453,0.861036,1620.08589,1465.001254,1.222764
resI,powerlaw,2.437445,0.156147,0.843853,0.072434,0.013476,0.076591,0.10585,0.08591,0.910817,0.89953,0.861363,1619.642381,1463.062728,1.222764
resI,powerlaw,2.494508,0.157481,0.842519,0.072327,0.013448,0.076493,0.105693,0.085775,0.910955,0.899667,0.861723,1619.293272,1461.398787,1.222764
resI,powerlaw,2.55291,0.159176,0.840824,0.072415,0.013431,0.076517,0.105552,0.085846,0.910874,0.899666,0.862014,1618.749108,1459.670963,1.222764
resI,powerlaw,2.612677,0.160703,0.839297,0.072457,0.0134,0.076519,0.10551,0.085857,0.910856,0.899656,0.862188,1618.086821,1457.527426,1.222764
resI,powerlaw,2.673841,0.163059,0.836941,0.072339,0.013395,0.07647,0.10548,0.085734,0.910968,0.899731,0.862259,1617.57287,1455.738563,1.222764
resI,powerlaw,2.736441,0.165585,0.834415,0.072007,0.01354,0.076325,0.105404,0.085547,0.911152,0.899873,0.86238,1617.037793,1453.573607,1.222764
resI,powerlaw,2.800504,0.166819,0.833181,0.07208,0.013455,0.076273,0.105469,0.085535,0.911158,0.899872,0.862562,1616.570554,1451.477668,1.222764
resI,powerlaw,2.866067,0.169311,0.830689,0.072289,0.013356,0.076322,0.105647,0.085645,0.911056,0.899736,0.862599,1615.989295,1449.114609,1.222764
resI,powerlaw,2.933167,0.170728,0.829272,0.072184,0.013435,0.076245,0.105697,0.08562,0.911091,0.89972,0.8627,1615.410387,1446.896731,1.222764
resI,powerlaw,3.001835,0.173196,0.826804,0.072131,0.013421,0.076251,0.105619,0.085553,0.911162,0.899787,0.862897,1614.895219,1444.527278,1.222764
resI,powerlaw,3.072113,0.175047,0.824953,0.072156,0.013391,0.076213,0.105345,0.085547,0.911172,0.899885,0.863232,1614.410339,1442.26487,1.222764
resI,powerlaw,3.144035,0.177659,0.822341,0.072227,0.013351,0.076256,0.105327,0.085578,0.911128,0.899875,0.863219,1613.724071,1439.858012,1.222764
resI,powerlaw,3.21764,0.179976,0.820024,0.071917,0.013468,0.076161,0.10526,0.085385,0.911313,0.900004,0.863264,1613.074496,1437.264856,1.222764
resI,powerlaw,3.292963,0.182511,0.817489,0.071932,0.013465,0.076164,0.105394,0.085397,0.911297,0.899935,0.863217,1612.50428,1434.608405,1.222764
resI,powerlaw,3.37006,0.185248,0.814752,0.07224,0.013338,0.076247,0.105665,0.085579,0.91111,0.899729,0.863091,1611.889608,1431.939615,1.222764
resI,powerlaw,3.448963,0.187341,0.812659,0.072224,0.013386,0.076217,0.105764,0.08561,0.911083,0.899662,0.863079,1611.201846,1429.154606,1.222764
resI,powerlaw,3.529704,0.190607,0.809393,0.072137,0.013377,0.076196,0.10556,0.085514,0.911193,0.899814,0.863281,1610.620388,1426.437849,1.222764
resI,powerlaw,3.612347,0.193385,0.806615,0.072325,0.013346,0.076308,0.105388,0.08567,0.911043,0.899793,0.863436,1610.020994,1423.468476,1.222764
resI,powerlaw,3.696922,0.196024,0.803976,0.07217,0.013379,0.076292,0.105339,0.085549,0.911163,0.899882,0.863378,1609.282223,1420.293495,1.222764
resI,powerlaw,3.783463,0.199531,0.800469,0.07189,0.013523,0.076176,0.10538,0.085414,0.911276,0.899932,0.863346,1608.508931,1417.297151,1.222764
resI,powerlaw,3.872031,0.20256,0.79744,0.072286,0.01334,0.076304,0.105666,0.085627,0.911049,0.899705,0.86314,1607.734322,1414.287739,1.222764
resI,powerlaw,3.96269,0.205524,0.794476,0.072225,0.013383,0.076239,0.105725,0.085608,0.911088,0.89969,0.863178,1606.823052,1410.993931,1.222764
resI,powerlaw,4.055473,0.209004,0.790996,0.072236,0.013378,0.076307,0.105541,0.085614,0.911101,0.899771,0.863351,1605.968533,1407.577876,1.222764
resI,powerlaw,4.150411,0.212003,0.787997,0.0723,0.013342,0.076312,0.105352,0.085642,0.911063,0.899824,0.863503,1605.17329,1404.208047,1.222764
resI,powerlaw,4.247566,0.215983,0.784017,0.071935,0.013502,0.076209,0.105309,0.085437,0.911253,0.899954,0.863373,1604.153061,1400.491465,1.222764
resI,powerlaw,4.347004,0.219631,0.780369,0.072218,0.013397,0.076319,0.105636,0.085615,0.911073,0.899717,0.863187,1603.256087,1396.810077,1.222764
resI,powerlaw,4.448786,0.223296,0.776704,0.072199,0.013422,0.076225,0.105741,0.085621,0.911078,0.899674,0.86319,1602.324847,1392.980727,1.222764
resI,powerlaw,4.552944,0.227567,0.772433,0.072132,0.013394,0.076229,0.105531,0.085527,0.911186,0.899811,0.863431,1601.37793,1389.213168,1.222764
resI,powerlaw,4.659511,0.231546,0.768454,0.072299,0.013353,0.076313,0.105365,0.085651,0.911063,0.899827,0.863417,1600.500843,1385.410322,1.222764
resI,powerlaw,4.768614,0.2361,0.7639,0.072015,0.013534,0.076328,0.105474,0.085549,0.911142,0.899802,0.863307,1599.387638,1381.311329,1.222764
resI,powerlaw,4.880251,0.239981,0.760019,0.072378,0.013359,0.076368,0.105771,0.085737,0.910938,0.899609,0.86295,1598.272343,1377.425907,1.222764
resI,powerlaw,4.994518,0.244305,0.755695,0.072274,0.013402,0.076335,0.105823,0.085676,0.91102,0.899597,0.863147,1597.159573,1373.067756,1.222764
resI,powerlaw,5.111447,0.248629,0.751371,0.072313,0.013374,0.076334,0.105489,0.085688,0.911025,0.899745,0.863442,1596.090492,1368.786928,1.222764
resI,powerlaw,5.231101,0.252992,0.747008,0.072135,0.013406,0.076295,0.105348,0.085542,0.911183,0.899891,0.863422,1594.930578,1364.430947,1.222764
resI,powerlaw,5.353576,0.25754,0.74246,0.072278,0.013446,0.076435,0.105755,0.085725,0.910952,0.899585,0.863049,1593.691744,1359.997732,1.222764
resI,powerlaw,5.478902,0.262383,0.737617,0.072277,0.013421,0.076287,0.105825,0.085698,0.911006,0.899601,0.863179,1592.63138,1355.502889,1.222764
resI,powerlaw,5.607175,0.267066,0.732934,0.072316,0.013379,0.076385,0.105542,0.085695,0.911026,0.899722,0.863367,1591.50234,1350.871779,1.222764
resI,powerlaw,5.738428,0.271233,0.728767,0.072185,0.013395,0.076299,0.105382,0.085581,0.911131,0.899848,0.863446,1590.371793,1346.337404,1.222764
resI,powerlaw,5.872785,0.276083,0.723917,0.072212,0.013412,0.07633,0.105678,0.085624,0.911048,0.899672,0.863165,1589.032499,1341.479749,1.222764
resI,powerlaw,6.01028,0.281015,0.718985,0.072257,0.013428,0.076311,0.105815,0.085686,0.911012,0.899626,0.863144,1587.86743,1336.820616,1.222764
resI,powerlaw,6.150975,0.285862,0.714138,0.072281,0.013373,0.076304,0.105413,0.085654,0.911063,0.899758,0.863614,1586.385867,1331.988595,1.222764
resI,powerlaw,6.294997,0.290439,0.709561,0.071911,0.013509,0.076179,0.105284,0.08542,0.911263,0.899991,0.863404,1584.939508,1327.134427,1.222764
resI,powerlaw,6.442378,0.295479,0.704521,0.072354,0.013364,0.076368,0.105868,0.085718,0.910971,0.899545,0.863034,1583.488962,1322.226627,1.222764
resI,powerlaw,6.593182,0.300657,0.699343,0.07208,0.013531,0.076287,0.105601,0.085611,0.911093,0.899751,0.863279,1582.168454,1317.337061,1.222764
resI,powerlaw,6.747535,0.305541,0.694459,0.072285,0.013359,0.076363,0.10542,0.085644,0.911066,0.899793,0.863447,1580.743207,1312.233999,1.222764
resI,powerlaw,6.9055,0.310055,0.689945,0.072257,0.01339,0.076355,0.105676,0.085648,0.911038,0.89969,0.863048,1579.28445,1307.234672,1.222764
resI,powerlaw,7.067172,0.31486,0.68514,0.072135,0.013506,0.076296,0.105783,0.085642,0.911064,0.899646,0.863149,1577.925449,1302.307134,1.222764
resI,powerlaw,7.232648,0.319324,0.680676,0.072321,0.013356,0.07638,0.10542,0.085676,0.911039,0.899756,0.863468,1576.460945,1297.281044,1.222764
resI,powerlaw,7.401957,0.324424,0.675576,0.072205,0.013428,0.076351,0.105664,0.085633,0.911049,0.899682,0.863054,1574.953403,1292.135264,1.222764
resI,powerlaw,7.575259,0.329324,0.670676,0.072207,0.013462,0.076339,0.105798,0.085669,0.911052,0.899615,0.863174,1573.515023,1287.183544,1.222764
resI,powerlaw,7.752586,0.334215,0.665785,0.072281,0.013382,0.076392,0.105412,0.085664,0.911043,0.899778,0.86333,1571.992083,1282.142699,1.222764
resI,powerlaw,7.934095,0.339057,0.660943,0.072375,0.013359,0.076396,0.105812,0.085735,0.910945,0.899558,0.863098,1570.42519,1276.966093,1.222764
resI,powerlaw,8.119851,0.34362,0.65638,0.072152,0.013466,0.076298,0.10563,0.085618,0.911092,0.899723,0.863282,1568.665462,1272.003694,1.222764
resI,powerlaw,8.309948,0.34846,0.65154,0.071947,0.013472,0.076195,0.10528,0.085419,0.911287,0.899963,0.863497,1566.894069,1266.927881,1.222764
resI,powerlaw,8.504481,0.353169,0.646831,0.072302,0.013454,0.076361,0.105897,0.085756,0.910928,0.899521,0.863081,1565.124217,1261.799194,1.222764
resI,powerlaw,8.703577,0.357919,0.642081,0.072272,0.01349,0.076416,0.105501,0.085763,0.910946,0.899672,0.863375,1563.2789,1256.763968,1.222764
resI,powerlaw,8.907363,0.362537,0.637463,0.072148,0.013445,0.076316,0.105619,0.085594,0.911089,0.899719,0.863224,1561.420027,1251.686024,1.222764
resI,powerlaw,9.115902,0.367026,0.632974,0.072059,0.013527,0.076268,0.105735,0.085586,0.911119,0.899697,0.863124,1559.754927,1246.775427,1.222764
resI,powerlaw,9.32929,0.371793,0.628207,0.071979,0.013487,0.076245,0.10532,0.085466,0.911235,0.899916,0.863528,1557.85876,1241.690931,1.222764
resI,powerlaw,9.547716,0.37637,0.62363,0.072204,0.013611,0.076414,0.105952,0.085816,0.910858,0.899479,0.862877,1555.849727,1236.665921,1.222764
resI,powerlaw,9.771244,0.380891,0.619109,0.072297,0.013395,0.076382,0.105441,0.085692,0.911012,0.899757,0.863514,1553.736575,1231.654451,1.222764
resI,powerlaw,10.0,0.385142,0.614858,0.072338,0.013438,0.076404,0.105892,0.085776,0.910896,0.899508,0.863029,1551.834125,1226.722785,1.222764
resII,powerlaw,0.698589,1.0,0.0,0.0,1.0,1.0,1.0,1.0,0.0,0.0,0.0,150.0,150.0,0.039758
resII,powerlaw,0.714943,1.0,0.0,0.016309,0.983691,1.0,1.0,1.0,0.0,0.0,0.0,154.077211,153.744778,0.397501
resII,powerlaw,0.731681,1.0,0.0,0.020101,0.979899,1.0,1.0,1.0,0.0,0.0,0.0,167.014493,165.935475,1.013602
resII,powerlaw,0.748812,1.0,0.0,0.010972,0.989028,1.0,1.0,1.0,0.0,0.0,0.0,180.660247,178.814964,1.861498
resII,powerlaw,0.766342,1.0,0.0,0.014138,0.985862,1.0,1.0,1.0,0.0,0.0,0.0,194.752077,191.812103,2.929314
resII,powerlaw,0.784283,1.0,0.0,0.259963,0.740037,1.0,1.0,1.0,0.0,0.0,0.0,208.863984,204.593963,4.223521
resII,powerlaw,0.802643,1.0,0.0,0.341212,0.658788,1.0,1.0,1.0,0.0,0.0,0.0,222.568128,216.879243,5.761312
resII,powerlaw,0.821434,1.0,0.0,0.262451,0.737549,1.0,1.0,1.0,0.0,0.0,0.0,235.972759,229.462959,7.537025
resII,powerlaw,0.840666,1.0,0.0,0.207788,0.792212,1.0,1.0,1.0,0.0,0.0,0.0,249.499471,241.819861,9.558376
resII,powerlaw,0.860347,1.0,0.0,0.304661,0.695339,1.0,1.0,1.0,0.0,0.0,0.0,263.301043,254.240895,11.821004
resII,powerlaw,0.880488,1.0,0.0,0.519818,0.480182,1.0,1.0,1.0,0.0,0.0,0.0,277.265909,266.676023,14.318559
resII,powerlaw,0.901101,1.0,0.0,0.517906,0.482094,1.0,1.0,1.0,0.0,0.0,0.0,291.10923,278.871093,17.052999
resII,powerlaw,0.922199,1.0,0.0,0.442738,0.557262,1.0,1.0,1.0,0.0,0.0,0.0,304.650042,291.335429,20.02171
resII,powerlaw,0.943789,1.0,0.0,0.38307,0.61693,1.0,1.0,1.0,0.0,0.0,0.0,318.409222,303.714039,23.21856
resII,powerlaw,0.965885,1.0,0.0,0.468794,0.531206,1.0,1.0,1.0,0.0,0.0,0.0,332.26981,316.020814,26.654083
resII,powerlaw,0.988497,1.0,0.0,0.652338,0.347662,1.0,1.0,1.0,0.0,0.0,0.0,346.180751,328.265441,30.313275
resII,powerlaw,1.011639,1.0,0.0,0.605491,0.394509,1.0,1.0,1.0,0.0,0.0,0.0,359.815082,340.323613,34.214243
resII,powerlaw,1.035323,1.0,0.0,0.541964,0.458036,0.999884,1.0,1.0,0.0,0.0,0.0,373.317752,352.420599,38.345629
resII,powerlaw,1.059561,1.0,0.0,0.494196,0.505804,0.999759,1.0,1.0,0.0,0.0,0.0,386.854406,364.384738,42.704344
resII,powerlaw,1.084366,1.0,0.0,0.673683,0.326317,0.999634,1.0,1.0,0.0,0.0,0.0,400.376791,376.214087,47.29273
resII,powerlaw,1.109752,1.0,0.0,0.68017,0.31983,0.999662,1.0,1.0,0.0,0.0,0.0,413.777012,387.884804,52.110432
resII,powerlaw,1.135733,1.0,0.0,0.62212,0.37788,0.999685,1.0,1.0,0.0,0.0,0.0,426.943169,399.546778,57.156615
resII,powerlaw,1.162322,1.0,0.0,0.57145,0.428503,0.99971,1.0,0.999953,0.0,0.0,0.0,440.030043,410.97744,62.429897
resII,powerlaw,1.189533,1.0,0.0,0.710484,0.289318,0.999732,1.0,0.999802,8.9e-05,0.0,0.0,453.026487,422.226772,67.925614
resII,powerlaw,1.217383,1.0,0.0,0.710423,0.289348,0.999434,1.0,0.999771,0.000183,0.0,0.0,465.846264,433.365683,73.640116
resII,powerlaw,1.245884,1.0,0.0,0.659561,0.34022,0.994253,1.0,0.99978,0.000206,0.0,0.0,478.64772,444.487366,79.547586
resII,powerlaw,1.275053,1.0,0.0,0.615771,0.384022,0.984634,1.0,0.999793,0.000202,0.0,0.0,491.270005,455.366923,85.672821
resII,powerlaw,1.304903,0.999999,1e-06,0.757634,0.242174,0.981637,1.0,0.999807,0.000189,2e-06,0.0,503.668872,465.960991,92.011325
resII,powerlaw,1.33545,0.999897,0.000103,0.714853,0.284218,0.982512,1.0,0.999071,0.000179,0.000105,0.0,515.822808,476.449833,98.55425
resII,powerlaw,1.366717,0.999846,0.000154,0.665678,0.32862,0.981352,1.0,0.994297,0.000168,0.000154,0.0,527.90347,486.797456,105.308525
resII,powerlaw,1.398712,0.99985,0.00015,0.673072,0.314552,0.953445,0.999931,0.987624,0.000452,0.00015,0.0,539.750077,496.850106,112.270769
resII,powerlaw,1.431459,0.999858,0.000142,0.758501,0.227831,0.937493,0.999902,0.986332,0.005765,0.000142,0.0,551.367214,506.603972,119.431618
resII,powerlaw,1.464972,0.999864,0.000136,0.716811,0.269993,0.939687,0.99987,0.986805,0.011809,0.000136,0.0,562.551033,516.130509,126.811073
resII,powerlaw,1.499268,0.999871,0.000129,0.677059,0.310008,0.942293,0.999876,0.987067,0.012223,0.000129,0.0,573.595357,525.417807,134.386361
resII,powerlaw,1.534369,0.999877,0.000123,0.657078,0.320459,0.939224,0.999881,0.977537,0.011769,0.000123,0.0,584.189728,534.309567,142.17672
resII,powerlaw,1.570291,0.997825,0.002175,0.699432,0.25698,0.916007,0.999887,0.956412,0.013092,0.002465,0.0,594.621747,543.002538,150.153689
resII,powerlaw,1.607052,0.992089,0.007911,0.673845,0.279485,0.89439,0.999892,0.95333,0.03203,0.008278,0.0,604.740322,551.374257,158.330238
resII,powerlaw,1.644675,0.990606,0.009394,0.72575,0.229321,0.892961,0.999889,0.955072,0.040372,0.0094,0.0,614.332537,559.331148,166.718358
resII,powerlaw,1.683179,0.990814,0.009186,0.69311,0.263137,0.897016,0.998445,0.956247,0.042029,0.009189,1.1e-05,623.595392,566.92139,175.313115
resII,powerlaw,1.722587,0.991132,0.008868,0.65892,0.290545,0.901249,0.99268,0.949465,0.040532,0.00887,8e-05,632.510516,574.180149,184.126294
resII,powerlaw,1.762913,0.988516,0.011484,0.692176,0.231694,0.887937,0.9919,0.923871,0.039224,0.011494,8.4e-05,641.034544,581.076801,193.143869
resII,powerlaw,1.804187,0.971069,0.028931,0.653308,0.263395,0.853237,0.992124,0.916703,0.049036,0.028971,8.2e-05,649.054103,587.510897,202.38277
resII,powerlaw,1.846424,0.966959,0.033041,0.669566,0.248401,0.856057,0.99219,0.917967,0.073503,0.033061,8e-05,656.461215,593.451481,211.826444
resII,powerlaw,1.889653,0.967758,0.032242,0.68045,0.240297,0.861,0.98913,0.920746,0.076631,0.032254,7.7e-05,663.534305,599.012849,221.49502
resII,powerlaw,1.933892,0.968802,0.031198,0.652858,0.269651,0.866106,0.974891,0.922509,0.074553,0.031208,7.5e-05,670.202503,604.224661,231.371307
resII,powerlaw,1.979168,0.969841,0.030159,0.683201,0.232656,0.864922,0.971359,0.915857,0.072057,0.030166,7.2e-05,676.475248,609.051164,241.461178
resII,powerlaw,2.025503,0.969744,0.030256,0.637897,0.250651,0.837927,0.972059,0.888548,0.069811,0.030354,6.9e-05,682.396223,613.537943,251.746333
resII,powerlaw,2.072921,0.952166,0.047834,0.620638,0.267397,0.830401,0.972907,0.888035,0.076696,0.049443,8.8e-05,687.754876,617.530978,262.259285
resII,powerlaw,2.121451,0.941945,0.058055,0.652317,0.2388,0.834659,0.973709,0.891117,0.102513,0.058106,0.003087,692.52361,621.046146,272.977877
resII,powerlaw,2.171119,0.941656,0.058344,0.631153,0.263375,0.839151,0.974082,0.894528,0.102495,0.058385,0.005334,696.737524,624.119809,283.922926
resII,powerlaw,2.221947,0.943256,0.056744,0.663028,0.234769,0.837348,0.967551,0.897797,0.099727,0.056791,0.005302,700.497127,626.768124,295.07672
resII,powerlaw,2.273966,0.944957,0.055043,0.647659,0.241502,0.821366,0.950318,0.889162,0.096674,0.055101,0.005213,703.969618,629.108229,306.452122
resII,powerlaw,2.327202,0.946645,0.053355,0.60173,0.266904,0.812255,0.949005,0.868634,0.093602,0.053489,0.005092,707.024036,631.041469,318.011359
resII,powerlaw,2.381686,0.944266,0.055734,0.594865,0.274028,0.817276,0.950142,0.868893,0.094659,0.058595,0.005319,709.709788,632.625416,329.783481
resII,powerlaw,2.437445,0.926091,0.073909,0.609719,0.262825,0.822902,0.95151,0.872545,0.11475,0.078486,0.007257,711.833548,633.717024,341.759797
resII,powerlaw,2.494508,0.921408,0.078592,0.615296,0.260886,0.826236,0.952705,0.876182,0.120312,0.078973,0.01742,713.361562,634.417516,353.95363
resII,powerlaw,2.55291,0.922847,0.077153,0.60071,0.278243,0.818039,0.95385,0.878953,0.117334,0.077322,0.018612,714.299746,634.663097,366.339966
resII,powerlaw,2.612677,0.924774,0.075226,0.629156,0.244131,0.799831,0.951742,0.873287,0.114211,0.075423,0.018386,714.943544,634.618101,378.912605
resII,powerlaw,2.673841,0.926819,0.073181,0.607794,0.248517,0.801272,0.936815,0.856311,0.110976,0.073412,0.018044,715.335868,634.276574,391.670464
resII,powerlaw,2.736441,0.928893,0.071107,0.587151,0.270606,0.806701,0.931964,0.857756,0.107851,0.071373,0.017652,715.323208,633.501313,404.631035
resII,powerlaw,2.800504,0.930356,0.069644,0.598915,0.262303,0.812093,0.933262,0.861218,0.112854,0.070427,0.017225,714.940744,632.394209,417.755281
resII,powerlaw,2.866067,0.920136,0.079864,0.623458,0.241464,0.817475,0.934861,0.864922,0.127503,0.083771,0.016804,714.224792,630.993159,431.056781
resII,powerlaw,2.933167,0.911158,0.088842,0.621266,0.247366,0.82267,0.936525,0.868632,0.127699,0.09085,0.016378,713.052317,629.170007,444.520763
resII,powerlaw,3.001835,0.911141,0.088859,0.605491,0.266778,0.827783,0.938209,0.872269,0.124638,0.089304,0.016279,711.547911,627.049452,458.156901
resII,powerlaw,3.072113,0.91331,0.08669,0.584988,0.287341,0.82684,0.939877,0.872329,0.121397,0.08716,0.021319,710.191592,625.084649,471.923722
resII,powerlaw,3.144035,0.915405,0.084595,0.565895,0.29019,0.811467,0.941364,0.856085,0.118274,0.085103,0.03112,708.96594,623.313803,485.854532
resII,powerlaw,3.21764,0.917395,0.082605,0.58661,0.266143,0.81394,0.942094,0.852753,0.115277,0.08316,0.031429,707.750522,621.629657,499.888859
resII,powerlaw,3.292963,0.91944,0.08056,0.589157,0.266498,0.818366,0.934897,0.855655,0.112322,0.081168,0.031065,706.544091,619.920205,514.070414
resII,powerlaw,3.37006,0.921484,0.078516,0.575459,0.283479,0.822826,0.924825,0.858939,0.112978,0.079206,0.030537,705.527594,618.34109,528.333623
resII,powerlaw,3.448963,0.923475,0.076525,0.560689,0.301593,0.821806,0.925945,0.862282,0.128076,0.077288,0.029926,704.466133,616.651898,542.715957
resII,powerlaw,3.529704,0.924619,0.075381,0.546567,0.319026,0.813575,0.927411,0.865592,0.129721,0.076387,0.029308,703.475789,614.988529,557.159914
resII,powerlaw,3.612347,0.914326,0.085674,0.542825,0.325984,0.81567,0.928968,0.86881,0.12721,0.088463,0.028699,702.473792,613.279647,571.686516
resII,powerlaw,3.696922,0.910207,0.089793,0.680944,0.190991,0.819641,0.930525,0.871936,0.124518,0.090965,0.028082,701.281169,611.39716,586.255455
resII,powerlaw,3.783463,0.911839,0.088161,0.736407,0.138555,0.823673,0.932097,0.874962,0.121782,0.089376,0.027472,700.088729,609.479532,600.867649
resII,powerlaw,3.872031,0.913733,0.086267,0.741904,0.13599,0.827638,0.933629,0.877894,0.119044,0.087596,0.026877,698.889354,607.536263,615.486083
resII,powerlaw,3.96269,0.91574,0.08426,0.745558,0.135144,0.831502,0.935021,0.880702,0.116406,0.08571,0.026283,697.537937,605.439366,630.113391
resII,powerlaw,4.055473,0.917647,0.082353,0.748474,0.134911,0.835235,0.936555,0.883386,0.113852,0.083935,0.025731,696.184172,603.301202,644.711692
resII,powerlaw,4.150411,0.919563,0.080437,0.750798,0.135152,0.838849,0.937945,0.88595,0.111373,0.082152,0.02531,694.756312,601.09002,659.263086
resII,powerlaw,4.247566,0.921354,0.078646,0.750687,0.135601,0.84237,0.93933,0.886288,0.108921,0.080532,0.024679,693.300783,598.823163,673.748904
resII,powerlaw,4.347004,0.923272,0.076728,0.741524,0.136296,0.845576,0.940523,0.877821,0.106716,0.078775,0.024251,691.692648,596.430792,688.130871
resII,powerlaw,4.448786,0.925003,0.074997,0.739709,0.137159,0.845669,0.94175,0.876869,0.104545,0.077214,0.023699,690.059873,593.969541,702.407745
resII,powerlaw,4.552944,0.926752,0.073248,0.740859,0.137997,0.838082,0.942854,0.878856,0.102488,0.075642,0.025676,688.331122,591.453688,716.519115
resII,powerlaw,4.659511,0.928492,0.071508,0.742046,0.138848,0.838775,0.940546,0.880894,0.100598,0.074113,0.032397,686.580504,588.880532,730.459374
resII,powerlaw,4.768614,0.929937,0.070063,0.743331,0.139652,0.841314,0.935315,0.882984,0.098744,0.072849,0.033778,684.770234,586.272164,744.17565
resII,powerlaw,4.880251,0.931475,0.068525,0.744479,0.140414,0.843848,0.933234,0.884892,0.096986,0.071518,0.033622,682.825601,583.59504,757.646763
resII,powerlaw,4.994518,0.932686,0.067314,0.745573,0.141113,0.846462,0.933859,0.886685,0.095137,0.070507,0.033542,680.909122,580.872236,770.832781
resII,powerlaw,5.111447,0.933049,0.066951,0.745725,0.141136,0.846358,0.93365,0.88686,0.095363,0.070405,0.033393,683.983678,582.14868,770.832781
resII,powerlaw,5.231101,0.933407,0.066593,0.745522,0.141122,0.846249,0.933579,0.886645,0.095273,0.070333,0.033649,686.761699,583.144799,770.832781
resII,powerlaw,5.353576,0.933615,0.066385,0.745732,0.141109,0.846419,0.93343,0.886841,0.095332,0.070431,0.03371,689.201372,583.871093,770.832781
resII,powerlaw,5.478902,0.934103,0.065897,0.745652,0.141126,0.846282,0.93348,0.886778,0.095269,0.070255,0.033689,691.379615,584.339165,770.832781
resII,powerlaw,5.607175,0.934244,0.065756,0.745895,0.141117,0.846333,0.933399,0.887011,0.095534,0.070432,0.033896,693.283176,584.57882,770.832781
resII,powerlaw,5.738428,0.934593,0.065407,0.745683,0.141103,0.846317,0.933363,0.886786,0.097631,0.070452,0.033729,694.927043,584.588216,770.832781
resII,powerlaw,5.872785,0.935005,0.064995,0.745712,0.141122,0.846188,0.933411,0.886834,0.105484,0.070474,0.033966,696.371871,584.412893,770.832781
resII,powerlaw,6.01028,0.934979,0.065021,0.74557,0.141111,0.846411,0.93319,0.886681,0.107192,0.075849,0.033851,697.542314,584.066247,770.832781
resII,powerlaw,6.150975,0.935986,0.064014,0.745648,0.141135,0.846268,0.93353,0.886783,0.10734,0.080514,0.033708,698.568716,583.52773,770.832781
resII,powerlaw,6.294997,0.932185,0.067815,0.745573,0.141122,0.846295,0.933492,0.886695,0.107569,0.082476,0.034137,699.376154,582.855786,770.832781
resII,powerlaw,6.442378,0.927146,0.072854,0.745563,0.141128,0.846442,0.933453,0.886692,0.107547,0.082953,0.033736,700.025479,582.000566,770.832781
resII,powerlaw,6.593182,0.925668,0.074332,0.745981,0.141119,0.846305,0.933368,0.887101,0.107568,0.083271,0.033786,700.500295,581.078617,770.832781
resII,powerlaw,6.747535,0.925081,0.074919,0.745482,0.141124,0.846161,0.933267,0.886606,0.107587,0.083356,0.034358,700.879454,580.005404,770.832781
resII,powerlaw,6.9055,0.925176,0.074824,0.74555,0.141134,0.846163,0.933106,0.886684,0.107547,0.083336,0.033654,701.04503,578.836202,770.832781
resII,powerlaw,7.067172,0.925327,0.074673,0.745457,0.141122,0.846313,0.933291,0.886579,0.107735,0.083411,0.033992,701.214247,577.608555,770.832781
resII,powerlaw,7.232648,0.925704,0.074296,0.745639,0.141129,0.846265,0.93309,0.886768,0.107413,0.083562,0.033982,701.149562,576.245937,770.832781
resII,powerlaw,7.401957,0.926536,0.073464,0.745445,0.141108,0.846462,0.933568,0.886553,0.107596,0.082979,0.034064,701.136734,574.831548,770.832781
resII,powerlaw,7.575259,0.926658,0.073342,0.745782,0.141116,0.846213,0.933195,0.886898,0.107461,0.083461,0.033778,700.907447,573.369942,770.832781
resII,powerlaw,7.752586,0.9271,0.0729,0.746036,0.141112,0.846295,0.933399,0.887148,0.107387,0.083581,0.034326,700.668196,571.835844,770.832781
resII,powerlaw,7.934095,0.928006,0.071994,0.74542,0.141119,0.846392,0.933214,0.886539,0.107608,0.082914,0.034027,700.381193,570.285056,770.832781
resII,powerlaw,8.119851,0.927976,0.072024,0.745701,0.141116,0.84626,0.93289,0.886817,0.107593,0.08377,0.033938,699.89878,568.657226,770.832781
resII,powerlaw,8.309948,0.928854,0.071146,0.745794,0.141091,0.846183,0.933707,0.886885,0.107618,0.083115,0.034156,699.588484,567.014618,770.832781
resII,powerlaw,8.504481,0.929298,0.070702,0.745632,0.141125,0.8464,0.933156,0.886757,0.1076,0.083271,0.034256,699.058096,565.354117,770.832781
resII,powerlaw,8.703577,0.929537,0.070463,0.745969,0.141132,0.846107,0.93309,0.887101,0.107345,0.083608,0.034391,698.504236,563.639454,770.832781
resII,powerlaw,8.907363,0.930291,0.069709,0.746085,0.141115,0.84648,0.933679,0.8872,0.107493,0.08319,0.034852,698.044014,561.955705,770.832781
resII,powerlaw,9.115902,0.930633,0.069367,0.745633,0.141135,0.84638,0.93274,0.886768,0.107345,0.083553,0.034448,697.389379,560.218193,770.832781
resII,powerlaw,9.32929,0.931222,0.068778,0.745988,0.141104,0.846281,0.933433,0.887092,0.107808,0.083405,0.034408,696.865637,558.451655,770.832781
resII,powerlaw,9.547716,0.931894,0.068106,0.745135,0.141121,0.846308,0.933387,0.886256,0.107699,0.083226,0.034305,696.21094,556.696595,770.832781
resII,powerlaw,9.771244,0.932109,0.067891,0.746052,0.141145,0.845991,0.933092,0.887198,0.107706,0.083609,0.034209,695.567306,554.917494,770.832781
resII,powerlaw,10.0,0.932894,0.067106,0.74554,0.141156,0.846585,0.933418,0.886697,0.107618,0.083341,0.034215,694.939084,553.152339,770.832781
